file,category,bytes,duration_seconds,decoded_duration_seconds,channels,sample_rate,peak_dbfs,rms_dbfs,active_start_seconds,active_end_seconds,clipped_sample_count,decode_ok,silent,sha256,pcm_sha256,mono_pcm_sha256,decode_messages
back_001.ogg,back,6997,0.06387755102040817,0.0609750566893424,1,44100,-0.955652901278642,-21.247596488328696,4.5351473922902495e-05,0.058049886621315196,0,True,False,07db973f79f6ae0f2edc34561e7592e24d0577455919fb602cb8ecc0da991dcf,87b635273c6010abaef853dec7f4898ea19ba7995e1b881443bb76ce7b099e68,87b635273c6010abaef853dec7f4898ea19ba7995e1b881443bb76ce7b099e68,
back_002.ogg,back,7029,0.06984126984126984,0.09142857142857143,1,44100,-0.9624613011049774,-17.020994455710415,0.0,0.07011337868480726,0,True,False,61581c58194e3f19f531072edabbc344204c7e0a2887b8ededce4357bcf09195,2f6df39a7b7413d174018541d76a8d15ee68fafdac00f1c0505c4487b4177d3f,2f6df39a7b7413d174018541d76a8d15ee68fafdac00f1c0505c4487b4177d3f,
back_003.ogg,back,7208,0.09287981859410431,0.08997732426303855,1,44100,-0.8990248293759268,-19.60709951571951,0.0,0.08997732426303855,0,True,False,ff5e87de1230b1a5f1fa83e5a4ba9d7eb1c07154267ac34b510a17d4caa03cef,ceb51a0546b59fedb0be8825e9be8e77f1897228b888a4e86efcd78e112668c5,ceb51a0546b59fedb0be8825e9be8e77f1897228b888a4e86efcd78e112668c5,
back_004.ogg,back,6923,0.07299319727891157,0.09433106575963719,1,44100,-0.9385075532003035,-17.785251564503362,4.5351473922902495e-05,0.0735374149659864,0,True,False,c22e3c49f42c2a5ba6748e91283efe124f32822469c1258c3e5d7b3d7ab9361c,2c17dabc526e75e7fe7ec9ba8420216df4855bd49e49a74afb0aeb1d337a7ab0,2c17dabc526e75e7fe7ec9ba8420216df4855bd49e49a74afb0aeb1d337a7ab0,
bong_001.ogg,bong,4848,0.12283446712018141,0.11993197278911565,1,44100,-0.8907973284270027,-16.201788149172053,0.0,0.11993197278911565,0,True,False,d21d0f0b782445db579d11e2506b24cd1ac9d664ee33aeaf807761aa7b6fd710,ece7dbaa51079629991ce3e8260de0a34499382e5f8c6487be83ee6701b11915,ece7dbaa51079629991ce3e8260de0a34499382e5f8c6487be83ee6701b11915,
click_001.ogg,click,4876,0.10002267573696146,0.09712018140589569,1,44100,-1.3534385133019375,-26.39628494052868,0.0,0.09712018140589569,0,True,False,ccfb7fa0cccdd9faec0eb16033c732b1e308d139d80f799161495d58f7adcdb9,07f34d869eac92a9838ce3fbf65e3df6251e41bb9f8a0c2e8d58dc8757bc4dc7,07f34d869eac92a9838ce3fbf65e3df6251e41bb9f8a0c2e8d58dc8757bc4dc7,
click_002.ogg,click,4275,0.010022675736961452,0.011609977324263039,1,44100,-0.8521151648918044,-16.15908307409289,0.0,0.011609977324263039,0,True,False,adcd1f4adc35f1b41bc1b5bbefeff7aa44f2f3f0d96d3199b544140c7c1e761c,27eab138e62430eb38a1cd5e70be030e8da9497fdb4ffc4048079c8b324a8922,27eab138e62430eb38a1cd5e70be030e8da9497fdb4ffc4048079c8b324a8922,
click_003.ogg,click,4371,0.010022675736961452,0.007120181405895692,1,44100,-1.3611861631226152,-14.581276404989453,0.0,0.007120181405895692,0,True,False,2fa929138bc3a0f432696588f66eac94b8f6d463905ec8808c6461ce4b054292,8b3f20e639193543e14733b84826c4e32f5a5d981aa2150c4ce0200c98c96e0d,8b3f20e639193543e14733b84826c4e32f5a5d981aa2150c4ce0200c98c96e0d,
click_004.ogg,click,4486,0.010022675736961452,0.021768707482993196,1,44100,-1.2297960574602238,-18.62635501722633,0.0,0.010068027210884354,0,True,False,09e2c1b643b71b9aff9932b4e02d78db116446b9a14b00a5b2a9b28d2668fd8e,3fa5450ecb3ae679846ae5ace98d22d0b4492ff81c2f5c95248937e97a50fddd,3fa5450ecb3ae679846ae5ace98d22d0b4492ff81c2f5c95248937e97a50fddd,
click_005.ogg,click,4410,0.010022675736961452,0.007120181405895692,1,44100,-1.2166742233403829,-11.553233464102089,0.0,0.007120181405895692,0,True,False,a3ee7ebb036bc3cdc218ae52bb27548c4f49bcf07505274f8b61b1af8236acc2,c2b2af4a7abef307fc781e67b022c191922617ba316b4689ea4ace1a835b45c2,c2b2af4a7abef307fc781e67b022c191922617ba316b4689ea4ace1a835b45c2,
close_001.ogg,close,9915,0.14777777777777779,0.14777777777777779,1,44100,-0.9190384088250502,-14.770487612338474,0.0,0.14612244897959184,0,True,False,44af8249b933e0fd35ec957a638bb1a0b01f85b53fbe9674bf77bd3ca3168ef4,30c230139ff2597826872362df10eeb6054af4355ef655817f17d82897106e02,30c230139ff2597826872362df10eeb6054af4355ef655817f17d82897106e02,
close_002.ogg,close,14752,0.31378684807256235,0.31378684807256235,1,44100,-1.0335271212064259,-16.364541051857678,0.0,0.31063492063492065,0,True,False,bc4279d2bb2bf86592473eab6a8eab55e51b54a8619315000dbd780a83b102d8,a5eb51b39bd8454d5660c0bc2dccb60e26e4039ff2db1079baf59a7aad1aaf0e,a5eb51b39bd8454d5660c0bc2dccb60e26e4039ff2db1079baf59a7aad1aaf0e,
close_003.ogg,close,15648,0.31378684807256235,0.31378684807256235,1,44100,-0.9190384088250502,-15.146928695156506,0.0,0.31229024943310657,0,True,False,39a1a7f3bc001766c1881841e9903c6b16f5a10b5666e0791d7f6444677d8b05,a7f51c08f15130420c1a467dafd24c5199c8c947862848ffbb5e00099b11e836,a7f51c08f15130420c1a467dafd24c5199c8c947862848ffbb5e00099b11e836,
close_004.ogg,close,16263,0.3228798185941043,0.3228798185941043,1,44100,-1.0111634663984306,-17.3630884841489,0.0,0.32074829931972787,0,True,False,41b41e01ac75f4bc5a9c8dc3b0de744fa7f877757463692783c12a8ae4bfae6b,876b760398abb59bda757be2c0350c71382a66fb8bc15631bc4a8195940cbedd,876b760398abb59bda757be2c0350c71382a66fb8bc15631bc4a8195940cbedd,
confirmation_001.ogg,confirmation,8968,0.28984126984126984,0.28984126984126984,1,44100,-0.9296525319031762,-11.312759467121051,4.5351473922902495e-05,0.28984126984126984,0,True,False,063564703b6094d70718a3e787a55cc9141611e4ecd6b6637f8828f79b4a8c3a,b19ed1d8f67f61036e7fa2db615e1bc761d7a1bc1e409de368a132b39094fc6e,b19ed1d8f67f61036e7fa2db615e1bc761d7a1bc1e409de368a132b39094fc6e,
confirmation_002.ogg,confirmation,14169,0.5390022675736962,0.5390022675736962,1,44100,-0.9559488077170193,-14.883508696358852,2.2675736961451248e-05,0.5345804988662132,0,True,False,33b17a9a9a2397c62b285c52c33a907fdffb476909c99e42dde603f6a7a8b12c,0a7e72f0808208ffe9d297aba7cfc6ee42369446d2baedd10bb65e47a553828e,0a7e72f0808208ffe9d297aba7cfc6ee42369446d2baedd10bb65e47a553828e,
confirmation_003.ogg,confirmation,9535,0.3220181405895692,0.3220181405895692,1,44100,-0.9799507696233369,-15.222830731071813,0.0,0.31961451247165534,0,True,False,3091bf0be0497f825769ee0733ca7bdc3bcd59bd6c6e8f2ba8f93d580ff38022,6295ba2c0e177d7e53baf519592f5a6e047815ba327b08748fbb5cdb0356087d,6295ba2c0e177d7e53baf519592f5a6e047815ba327b08748fbb5cdb0356087d,
confirmation_004.ogg,confirmation,12391,0.4904081632653061,0.4904081632653061,1,44100,-0.9119695257182556,-11.77576164558074,0.00027210884353741496,0.4871655328798186,0,True,False,568967a3d9f8a8f6af54ea01729c4882284308f2a27d78c07ffd7ee0d6951661,8b6d18654db147a08f8400ae3964c4f9af26d58c4bab8f42f9760cf286c6d341,8b6d18654db147a08f8400ae3964c4f9af26d58c4bab8f42f9760cf286c6d341,
drop_001.ogg,drop,5859,0.10981859410430839,0.13206349206349208,2,44100,-0.8905036331949989,-21.17758649164816,0.0,0.11319727891156463,0,True,False,692ee3a6f1821402ca649ff735bee9591dc4846c8098fc7d6a90fd15fa57c1af,74e054fdb466bd0ee5a6c1d9dbb52b429db60bd3cc99ab29a27282cb5e369137,d28a4fbd1b569b57ced194f6952c9b8fa5c470baeef55c8a181b61b70400a9df,
drop_002.ogg,drop,6411,0.19108843537414966,0.1881859410430839,2,44100,-1.057744718110521,-19.75957682610817,0.0,0.1881859410430839,0,True,False,4ac4d1cef7e936965cbf795852ca2020300b9e2ba7daa59f2bf4f1f7bf416218,e10d2bde0faad76a47845729768583831a6e6fd015a328a2d1a81797f9386374,ee9466e5fbf81d87cdc33ff9d78b169fb343ba11b207f31bf18ba9aac8846be0,
drop_003.ogg,drop,6288,0.19108843537414966,0.1881859410430839,2,44100,-1.112407136212767,-19.601112853228212,0.0,0.1881859410430839,0,True,False,43d086d50f90493a98cd2e09aa6dbf150d164f1578e1ec768d21cb185571ad87,bfd5aac1a672e81e703e94c0a76334aa6aab1769dab341212ffb364107efb11a,4841a3096c2ba077b088a0a180f1bcd7a9af012d99d5eabedfb975367a7c4f55,
drop_004.ogg,drop,7230,0.28668934240362814,0.2837868480725624,2,44100,-0.8635260669720336,-20.65208031908589,0.0,0.2837868480725624,0,True,False,10738707f9300f9b963ceba46d5da2ed4a221faf7d39484a643c2d3bc151c5f2,a0055967303095f7d9aeb42b9de012020c9d7cc52bc4444a07efd30fd7cbbf66,966d9712444067b1537a8e65a792e8da33f27f09541a54d4c5e163e5da404809,
error_001.ogg,error,7373,0.1645578231292517,0.16165532879818595,2,44100,-0.8034219216866854,-18.993109205200437,0.0,0.16163265306122448,0,True,False,46e67425d16339772e8d328fb36a49426c9467418686e11beeb71ff84b0f6433,01f92d8c5dbaf3e9b3a1763e26ba7fbd286831bee497fbbdbf992e5b7fdc9668,76a41357292bfe07e576facaa0755f8d4cc032c0a2051cb4beb92400683975db,
error_002.ogg,error,7369,0.1645578231292517,0.1654421768707483,2,44100,-0.00026507636037961915,-17.550840031223803,0.0,0.1654421768707483,0,True,False,76810ec365f41078fd0507101da5bb7b8730fe011dde43908329fdabd8575e79,cdfa554f960855a2ee4b511656c507dfcfd7ddef56e7cc7861725759e322b93e,f93c9a9e2c599c094f584512e5929e0d17d794e96dabf3f8610aa126636d95da,
error_003.ogg,error,12256,0.533469387755102,0.533469387755102,2,44100,-0.5011194795630765,-20.03635171699065,0.0034693877551020408,0.533469387755102,0,True,False,885b28175c7b511118bcffab95675b48bbac9005cf6514656ebdad979276b3ab,48807c2b59ea65ab3868210399fe7b34793526f51957a0cee3a2ae6b22df6c5a,731beab5bbbbb287fe8a45b8c3309cef832c236639e7a3795e23be50ced5053b,
error_004.ogg,error,6393,0.10269841269841269,0.10448979591836735,2,44100,-1.2511996756644925,-16.374066998898556,0.0,0.10448979591836735,0,True,False,0b574cea597d96507e782ae9764f88482ce49f46e931e57054bf7150047f2d69,4348985b80b1428bb8433eea898e0cf4c2de322b1a045d4588a4950e2de18cb3,b720bd704da530db5f9bc793b99af2bbd279d3b385ba896ff586a9e2aeb03a7d,
error_005.ogg,error,7266,0.5000453514739229,0.49714285714285716,1,44100,-0.9586124193958172,-18.713033105866362,0.03396825396825397,0.22290249433106576,0,True,False,3f75b11df5b06d68d2c25fbf0e9c9d9e7dd9250562a4007ee34856b8a309a2ae,c368945f6a8cd95458e722593d79c676fec8886cfe9f8e9ec32a2fe138cb2a6b,c368945f6a8cd95458e722593d79c676fec8886cfe9f8e9ec32a2fe138cb2a6b,
error_006.ogg,error,8288,0.5000453514739229,0.5000453514739229,1,44100,-0.7787423704192911,-18.00375482068183,0.02122448979591837,0.2658503401360544,0,True,False,a97513d7fd2b12b1210c423be943b4c1ab0e899b11db95855e9b74836e646ae0,9e7a496dbbdbe39676353c39a427732591b37b1b35409cc4836bc00fda16fda1,9e7a496dbbdbe39676353c39a427732591b37b1b35409cc4836bc00fda16fda1,
error_007.ogg,error,10225,0.1919954648526077,0.1919954648526077,1,44100,-0.8928534731574057,-13.0882193410843,0.0,0.1919954648526077,0,True,False,f1ee4c1ac8bfe1a82eacb54b26f49e8974bab93bcf10c01800bc10dbf730f559,2ae6683e3de0ee76e0da3a7d8ccbf1843e753049a55c3237a6af50bfa009eb14,2ae6683e3de0ee76e0da3a7d8ccbf1843e753049a55c3237a6af50bfa009eb14,
error_008.ogg,error,9215,0.13931972789115646,0.13931972789115646,1,44100,-0.955652901278642,-20.551939040508962,0.0,0.13931972789115646,0,True,False,eba17ecb2a426bfd4a8a6acff5f8a86202b6424a77af0fd842e37809a1ab6d81,84d832ae429069e0649c6c0c8f26fb6f6f946cc5d7a5789e78ee2bdb19ced798,84d832ae429069e0649c6c0c8f26fb6f6f946cc5d7a5789e78ee2bdb19ced798,
glass_001.ogg,glass,6103,0.27843537414965985,0.2755328798185941,1,44100,-1.0260661700028932,-20.04423773226129,0.0,0.2755328798185941,0,True,False,183eebee20eb0a532b0b85104d139cbf2673eb66d95c3cc733ac9ea98362e7e8,ffc2bcd07a0dda81f986c182e145b006c3d211e0fbe350af08db41ad7988dba5,ffc2bcd07a0dda81f986c182e145b006c3d211e0fbe350af08db41ad7988dba5,
glass_002.ogg,glass,4917,0.1253061224489796,0.12240362811791383,1,44100,-1.0389029771523735,-18.934291289017004,0.0,0.12240362811791383,0,True,False,08e972c73e53c91d6d310e107e80db60edce78ae47225889a028e628a6f3da49,8e2342d8ca62ee43b59b11b2d590c8c927c988471b01e6df445999497761613f,8e2342d8ca62ee43b59b11b2d590c8c927c988471b01e6df445999497761613f,
glass_003.ogg,glass,5732,0.1236734693877551,0.12077097505668934,1,44100,-0.9467803924496117,-16.252863480002624,0.0,0.12077097505668934,0,True,False,9a6f16e3c2eff6fe5d017a4755a28306b14555728831cd00d70308e8f9689566,e7c6a1f56833f0148e62712b27659198c286b4e90af25718bf4969335f1ee949,e7c6a1f56833f0148e62712b27659198c286b4e90af25718bf4969335f1ee949,
glass_004.ogg,glass,8323,0.6922675736961451,0.6922675736961451,1,44100,-1.1151191696349485,-17.972742849461618,0.0,0.6922448979591836,0,True,False,2379b58f953e3d86982aa8cddcae763022c6258e9820171bf905ce58b4e97766,333e16d8cf25070df733354b0c11bc8967434ad546edb14025af6be678c7dca5,333e16d8cf25070df733354b0c11bc8967434ad546edb14025af6be678c7dca5,
glass_005.ogg,glass,6206,0.11079365079365079,0.13206349206349208,1,44100,-0.9346692688849128,-20.573587255392436,0.0,0.09124716553287981,0,True,False,1f6c88008d0d9fe449197512811785e1d4638daf408a96a4a02756530e019172,d13cefa9ea6d0648e2a7dfbd3ab2ece64dd8a240547b2cd0cb94377555b327e1,d13cefa9ea6d0648e2a7dfbd3ab2ece64dd8a240547b2cd0cb94377555b327e1,
glass_006.ogg,glass,6956,0.11079365079365079,0.13206349206349208,1,44100,-0.9757975383910613,-19.409748416175045,0.0,0.09918367346938775,0,True,False,840500be48078f1210f1fd7a9ac4e5665ed9b6f4a2b8dce91a237152a65e94cc,732831ca28751d6cf2fdea5e7c2afdf564bf8522d751915d4662cd0e284cfd3a,732831ca28751d6cf2fdea5e7c2afdf564bf8522d751915d4662cd0e284cfd3a,
glitch_001.ogg,glitch,5121,0.02002267573696145,0.01712018140589569,2,44100,-0.9933139078243074,-9.786289413319226,0.0,0.01712018140589569,0,True,False,da78c642bbd95da2c364ed0e991ebbfc5a4c0d281165d932b5819e0dd31a39d2,ecadc3e489752186b578f9ecc99c991f6a63a08bfb3487572f124bf4ccfcbc01,77a4fcb084afbcfbbf276030250a5cb4d6c4e2c4a7412c756fc344c63fa68f12,
glitch_002.ogg,glitch,5473,0.030022675736961452,0.027120181405895692,2,44100,-1.159838939553735,-13.667398328504989,0.0,0.027120181405895692,0,True,False,1da06a2e63ce131f5e0316ca27c75fc0d672db7a8f9b986c70693f2bd992eabc,d264a254b43415e7255e8905a22d353dfca2f800b8d5d4e38e435370b6289534,ababf3b4ecb02711f1d5ab1f5e5eed07c855bcae73715a17bc847f21fe728a7b,
glitch_003.ogg,glitch,4915,0.010022675736961452,0.011609977324263039,2,44100,-0.49915399676148275,-12.22463262624352,0.0,0.011609977324263039,0,True,False,d55e0c64aee9f1ab2ba9523d0e256ca76639c3ec2f230405e2ff25aff36020b3,32a7a2ca2e405dfc45b63cee0887900a35c3dbf2d16c9ac6bf1e9bd8670724b1,7eea50abe595ed5b777f2b1bcc0d74e479aab9f979f377516cfc5412071855f2,
glitch_004.ogg,glitch,5225,0.02290249433106576,0.02,2,44100,-0.9290625180023233,-15.582538087339508,0.0,0.02,0,True,False,d0f4db4d12f88592bc328bd621d356d099eaa2dda37bab37a6cf17891c5026d1,28215b381c0f894b1784edcada36dd2472f94850808f4cfcfa0f8d8129c9c82c,bd649ec7cde938012556db2a4035a6152964fa6b3033adc49bffae12dd9c6de6,
maximize_001.ogg,maximize,12111,0.25839002267573696,0.25839002267573696,1,44100,-0.9707569974024461,-13.010034113489418,0.002290249433106576,0.25839002267573696,0,True,False,fd3e75e1de2f2fda90aceeacaeb0427ac8bddd3b07a6ce2a8f9ba923df3771f9,242a3a75d5242d7723bb2e9baa02b6faf53aa849927651943631cb0ba99e650a,242a3a75d5242d7723bb2e9baa02b6faf53aa849927651943631cb0ba99e650a,
maximize_002.ogg,maximize,9915,0.2582766439909297,0.2582766439909297,1,44100,-0.9169760569178508,-10.29197255532955,0.001927437641723356,0.2582766439909297,0,True,False,cc51162cb4506158b953b121bf479aad070056533ade5c5cd2f980183127ceb4,cdf22de6f4628ed09b1dcbbd086f524a159824a4a8654c21dddf2325cffa2b27,cdf22de6f4628ed09b1dcbbd086f524a159824a4a8654c21dddf2325cffa2b27,
maximize_003.ogg,maximize,11748,0.211859410430839,0.211859410430839,1,44100,-0.9461892139815893,-20.257961329739143,0.004988662131519274,0.211859410430839,0,True,False,df16f25d45189f5d44d6a482ab20d5067350ca8525a9affa1f8ce599e31a20a5,0d0848f98518007916e1eee956dce0ce07e601ebcba0f7ea30f13a98410fa645,0d0848f98518007916e1eee956dce0ce07e601ebcba0f7ea30f13a98410fa645,
maximize_004.ogg,maximize,17723,0.4179591836734694,0.4179591836734694,1,44100,-0.9393935520421046,-15.150234143057943,0.016621315192743763,0.4175283446712018,0,True,False,59c7a24b204be24d2a44a86d1e4d18c2cf51fa0446967a14b2590e8fb3afaf34,be2008ca7dd282e9fccbc10fa06e8c429282b6e6ea72543800088b1e6f2708d8,be2008ca7dd282e9fccbc10fa06e8c429282b6e6ea72543800088b1e6f2708d8,
maximize_005.ogg,maximize,20900,0.5263718820861678,0.5263718820861678,1,44100,-0.9110863196939993,-16.545220067772142,0.004376417233560091,0.5262131519274377,0,True,False,0ee06fc3ee494723fc95b2224f9dc0af857f2903e7f94d5d33d8e67f454b3cf7,a99a97bc5e0fbf2886910800d6414ecd4cea6b51f94b1609e6afeb878cbd51a5,a99a97bc5e0fbf2886910800d6414ecd4cea6b51f94b1609e6afeb878cbd51a5,
maximize_006.ogg,maximize,11618,0.3799546485260771,0.3799546485260771,1,44100,-0.9275876585692949,-14.195427680641647,4.5351473922902495e-05,0.3710204081632653,0,True,False,f050b3bb77cb0b901bc8df43d2cc1872c353aebae10b4030cf8ae681726ad343,044d0b494f3c20a81fba033e45511da8c322581d7d52fe2edb7cca70a27c9eef,044d0b494f3c20a81fba033e45511da8c322581d7d52fe2edb7cca70a27c9eef,
maximize_007.ogg,maximize,8097,0.18575963718820862,0.18285714285714286,1,44100,-0.9799507696233369,-13.573268422498186,0.0,0.1781859410430839,0,True,False,3400931f3f3a1e9cf253efef9069bcdf053edd2234e4ee9bf88977c389943484,7a026e117369a517983879cbff9efacdf43f04ff269dc2048e476da700c6fa6b,7a026e117369a517983879cbff9efacdf43f04ff269dc2048e476da700c6fa6b,
maximize_008.ogg,maximize,9085,0.2253514739229025,0.2253514739229025,1,44100,-0.9113807117236522,-12.713577324865577,0.00020408163265306123,0.2092063492063492,0,True,False,57c074e600e193a303ce781c04c0ccc191c6030f9f106594fd94a65e55435c17,33c52e92ff1ad84378bfbffaeebc4d0f97d11ada9fd03d7ecedace53b5f549f9,33c52e92ff1ad84378bfbffaeebc4d0f97d11ada9fd03d7ecedace53b5f549f9,
maximize_009.ogg,maximize,7650,0.2247845804988662,0.22188208616780045,1,44100,-0.9278826104221533,-10.567034541044361,0.00015873015873015873,0.2082766439909297,0,True,False,b4d56386258b3cc1c8f6e5a22465f8cd65de3d4309e022664050f43151e466cd,a602a017ee5e6d2c79fc2ea6997f65bbae65532254ff70eeb3936d3ae70d35b3,a602a017ee5e6d2c79fc2ea6997f65bbae65532254ff70eeb3936d3ae70d35b3,
minimize_001.ogg,minimize,11924,0.25839002267573696,0.25839002267573696,1,44100,-0.9308326799536417,-13.006426761249637,0.0,0.256281179138322,0,True,False,8481912bc7fa5828924a00ef15b6cd613b994956e0817bd3122065c9b2896d2d,e88828d7da8325e2b4037b3c90476f556248e427eed1c891d225a4cb678c3745,e88828d7da8325e2b4037b3c90476f556248e427eed1c891d225a4cb678c3745,
minimize_002.ogg,minimize,9441,0.2582766439909297,0.2582766439909297,1,44100,-0.8987308558210592,-10.303296882837191,0.0,0.2563492063492063,0,True,False,670e47846dc003fe29d39c8dfebb8635bfcacae3c0916392c0e8bff659493ad6,16cfb9a54f0342827874b6273f048e8f368e2c5001592d7e0572fb742a3f9c19,16cfb9a54f0342827874b6273f048e8f368e2c5001592d7e0572fb742a3f9c19,
minimize_003.ogg,minimize,11739,0.211859410430839,0.211859410430839,1,44100,-0.9956917306877534,-20.258033722490516,0.0,0.20687074829931973,0,True,False,400e1041499de85ec8b5529a35ff36787288175c4696cf2018ecff24a3a3fd29,d4c9018aee02b7575317e344bed89ad65559b5a57149d0008b1b6d40adf5560c,d4c9018aee02b7575317e344bed89ad65559b5a57149d0008b1b6d40adf5560c,
minimize_004.ogg,minimize,17099,0.4179591836734694,0.4179591836734694,1,44100,-0.9402796412688934,-15.14511072425835,0.0004308390022675737,0.4013378684807256,0,True,False,fcfe6fbb03a728e90b907f34d2ec7bf3ea1857397c3e47ee01990c1be059e4f6,f0a80482b6f97a08c3fd8236f797b85be8669cd3129b84c29c1d3033e791e69a,f0a80482b6f97a08c3fd8236f797b85be8669cd3129b84c29c1d3033e791e69a,
minimize_005.ogg,minimize,19501,0.5263718820861678,0.5263718820861678,1,44100,-0.820885097434245,-16.554378037396074,0.00015873015873015873,0.5220634920634921,0,True,False,4e6792a98c75d3ff187c0c55561c38c569e02c64757ebebb98831cfe84e3e172,d5c587e129a9e0fe68122062fecbf990115e5b04f61f241f40ff0fc40066f68b,d5c587e129a9e0fe68122062fecbf990115e5b04f61f241f40ff0fc40066f68b,
minimize_006.ogg,minimize,11292,0.3799546485260771,0.3799546485260771,1,44100,-0.9630535881586035,-14.181957333117886,0.008344671201814058,0.3799092970521542,0,True,False,39d7c47855b9642f43548b7b132c20e20a1490c7eb13d10008c32fcb24da19f8,b795fb521096cf25c83c7e96f97e61122b3c36a1aa4b4c5022dbcbd48179c55e,b795fb521096cf25c83c7e96f97e61122b3c36a1aa4b4c5022dbcbd48179c55e,
minimize_007.ogg,minimize,7677,0.18575963718820862,0.18285714285714286,1,44100,-1.3098707003235155,-14.169474658966838,0.0075736961451247165,0.18285714285714286,0,True,False,e951505044de0d5d87b72ce7f312ac3fbbdde025ec8c10db70f9d2651a2c8947,9b33a92b90f8762308dac4caaba319ed5e51838f026535657d81176d624176e0,9b33a92b90f8762308dac4caaba319ed5e51838f026535657d81176d624176e0,
minimize_008.ogg,minimize,9298,0.2253514739229025,0.2253514739229025,1,44100,-0.9435294086923478,-12.728819876302325,0.01616780045351474,0.22519274376417234,0,True,False,bc14c17875436dcaaf809c25db5e61454dbc35612880f329ff37a95ef9b6a865,05542839277c64d44ae0b88b8ede2d2b394efd61df6144895e6e2fa19a669279,05542839277c64d44ae0b88b8ede2d2b394efd61df6144895e6e2fa19a669279,
minimize_009.ogg,minimize,7665,0.2247845804988662,0.22188208616780045,1,44100,-0.9258181577541167,-10.57138889806084,0.01650793650793651,0.22188208616780045,0,True,False,885c20fc8b5b52226288794842a403821cd16e9800ec1d76be7a2f1655542eb8,683f6a00944ba43c5a499eb01bf1ac0e427f2b7db635a064a2291cadd96e4258,683f6a00944ba43c5a499eb01bf1ac0e427f2b7db635a064a2291cadd96e4258,
open_001.ogg,open,9834,0.14777777777777779,0.14777777777777779,1,44100,-0.8623550278873026,-14.780823893427158,0.0016553287981859411,0.14777777777777779,0,True,False,a27c6bb0df7da1e6af5dd5937593c98bc58b6e513f42fe6a3254cd6a6949c648,bfc183931ca108e69fb2dfc581af1cf5245d5d20133a04346b49c240cf3d02b8,bfc183931ca108e69fb2dfc581af1cf5245d5d20133a04346b49c240cf3d02b8,
open_002.ogg,open,14975,0.31378684807256235,0.31378684807256235,1,44100,-0.9234593839487749,-16.363142633334466,0.0031519274376417233,0.3137641723356009,0,True,False,24ff224fe2c09c6aed1b41249825382dc74cf324b887ff279d8494912ce2beee,537f5af14d6607785319de825029edeccd86284fe75e04cb19d31b6fb76ee210,537f5af14d6607785319de825029edeccd86284fe75e04cb19d31b6fb76ee210,
open_003.ogg,open,15046,0.31378684807256235,0.31378684807256235,1,44100,-0.9749078185810066,-15.162300034072027,0.0014965986394557824,0.31378684807256235,0,True,False,bcdca6b5c9c33aa15ca3fb18a1fa8d98a01b528b85be08c5a610e57c75fc022d,e3fb12ab5d35eaabafea9949eff4e2c2e6b12a21f33922db50644965d4075c36,e3fb12ab5d35eaabafea9949eff4e2c2e6b12a21f33922db50644965d4075c36,
open_004.ogg,open,15879,0.3228798185941043,0.3228798185941043,1,44100,-0.9512155139719768,-17.370349577911412,0.002131519274376417,0.3228798185941043,0,True,False,4e02b8287bc4d9e7bf7a889cb9e48613c8eb22a310dfb0bf29c2bfd0a1e4bea5,13049da0fbb253d5960356dc4bc071c9d705b72d9ae243b756452b80eab51778,13049da0fbb253d5960356dc4bc071c9d705b72d9ae243b756452b80eab51778,
pluck_001.ogg,pluck,6317,0.10242630385487528,0.09952380952380953,2,44100,-0.00026507636037961915,-20.443553424141783,0.0,0.09952380952380953,0,True,False,be97ec4893a02d6eccfb678daa76c83e34cb2583b834ec2593d2641def739fa4,7348104ea412f825914015738470f053c117858fd63860b8cfd556c4f40f045f,3543f76997b3b34699e2c3590c1251b06af712f6fe681279e51ceb796025a82f,
pluck_002.ogg,pluck,6941,0.1645578231292517,0.16165532879818595,2,44100,-0.46385114843453473,-21.743335344368127,0.0,0.15346938775510205,0,True,False,c977fe249ff42d1c93a552b33abc13a8399df3879fa510475426e5c4bbac1da9,9bae8df955523a9bf6e910d837ac1ded403e393bad830df2bad015a904578505,fbd634bf51f2ed9c085ad16411f456d677c005741141012b2774720a6f962010,
question_001.ogg,question,11700,0.4906802721088435,0.4906802721088435,1,44100,-0.9022591953183695,-11.766204068674346,0.00040816326530612246,0.48741496598639455,0,True,False,abb8f9e4eb2071491b0b15f84ee302386b1847609310c1b000ae174639a6cc5a,a7544d7cb74b61b77430b3b3a0e54be4a42fba553e037f002d925c8c9ed1532e,a7544d7cb74b61b77430b3b3a0e54be4a42fba553e037f002d925c8c9ed1532e,
question_002.ogg,question,9455,0.3325170068027211,0.3325170068027211,1,44100,-0.9087315425910776,-10.024051954935054,0.00013605442176870748,0.3292517006802721,0,True,False,46056f10c70dda860e93bd27b66f4d33c0b7154eff28def06471b50028efa5b3,fb3a23ee33b228ef8a92d19a750850edf9440496f0f0029bca85ea1e06e6af58,fb3a23ee33b228ef8a92d19a750850edf9440496f0f0029bca85ea1e06e6af58,
question_003.ogg,question,8233,0.33249433106575965,0.3295918367346939,1,44100,-0.942642987896103,-10.016224782522126,0.00011337868480725624,0.3295918367346939,0,True,False,00bafc564e29c12e99da584864a750260e7110378251d63d3aa5b3d727836efe,a66001528742cee02b0a6139fa1ae048e6e10760c6c8d24360868389edef5e89,a66001528742cee02b0a6139fa1ae048e6e10760c6c8d24360868389edef5e89,
question_004.ogg,question,9821,0.3324716553287982,0.3324716553287982,1,44100,-0.9402796412688934,-10.049865866851931,0.00018140589569160998,0.3296598639455782,0,True,False,585ecb58b529dc49b5c5ce5ba93427bf73b7052bae55e49c43ba8f169c93ac99,942b82a88eb59df747a2c1f66459202474c3cce9cd730c9dd4869d7a4ade1231,942b82a88eb59df747a2c1f66459202474c3cce9cd730c9dd4869d7a4ade1231,
scratch_001.ogg,scratch,8989,0.13931972789115646,0.13931972789115646,1,44100,-0.9243438490621164,-12.287570516130504,0.0,0.12281179138321996,0,True,False,5c294d2e1a6b6d07ee2d75b17105a55ad3527e5482dd60652dc49c2ea4c70096,7aaa17dedb39d0117f24a0c15a3a79d9cb66c391e272d364b25abb9b6a51a994,7aaa17dedb39d0117f24a0c15a3a79d9cb66c391e272d364b25abb9b6a51a994,
scratch_002.ogg,scratch,9319,0.13931972789115646,0.13931972789115646,1,44100,-1.0114612700306427,-11.66270768813452,0.0,0.12310657596371882,0,True,False,2b07edafc1f3f49c4813f2b0ae9481c566c1f9962a22d5f5b79da7111e058e56,f42411b0ad9ce9f4dbf8b96c96941738c1d83147866f9af5a2a5253106bf2aeb,f42411b0ad9ce9f4dbf8b96c96941738c1d83147866f9af5a2a5253106bf2aeb,
scratch_003.ogg,scratch,8849,0.12342403628117914,0.12342403628117914,1,44100,-0.9846997525945995,-18.095042129911477,0.0,0.12342403628117914,0,True,False,2d80371b55ebe2e8b916b84093a8ae7717d09a80c6b617079ade5bd0dacba7b7,ae7316ea6c4c7740aaf49915095f35b8d2d4132f134797950607f4312610ffbc,ae7316ea6c4c7740aaf49915095f35b8d2d4132f134797950607f4312610ffbc,
scratch_004.ogg,scratch,16478,0.3250793650793651,0.3250793650793651,1,44100,-0.9586124193958172,-20.476242354141696,0.0,0.29757369614512474,0,True,False,26009c67ef90ee7a5a2bc458ef9e7f5a9da83da9397a830cff9e4a1813914687,db61829c87b1a1d2f4e5cdf91080232d4a629388b31fac082dc0f352323920e7,db61829c87b1a1d2f4e5cdf91080232d4a629388b31fac082dc0f352323920e7,
scratch_005.ogg,scratch,15824,0.3250793650793651,0.3250793650793651,1,44100,-0.990936735728305,-15.383263101438311,0.0,0.31405895691609975,0,True,False,65742c15dca9853611e1c9e83bd04ac0d693f79896715cafa90bad39745d7a62,44cfd3cf0bd1bd7db3794d76eca959a8a91f5d99fc97f257f5c2643632c5d68f,44cfd3cf0bd1bd7db3794d76eca959a8a91f5d99fc97f257f5c2643632c5d68f,
scroll_001.ogg,scroll,21633,1.0000226757369615,1.0000226757369615,1,44100,-0.862062292783284,-21.229775034059752,0.0,1.0000226757369615,0,True,False,320c6aafb2c7a503eae508dc443b72d7f7c0a317bfd16813157ed400cd04cf16,187e62ad61221a8828378ee692b8a4d5dba7787b858128e04805d67c216e63b1,187e62ad61221a8828378ee692b8a4d5dba7787b858128e04805d67c216e63b1,
scroll_002.ogg,scroll,24628,1.0000226757369615,1.0000226757369615,1,44100,-0.9187437571419965,-21.967321216547337,0.0,1.0000226757369615,0,True,False,6fbcda22bc45349c66f1ba4b56d6c211b12264e83667de4b9af1e4ffcef74be5,dbbb401dcb7fd1d3773250d161a9ec6e4ac463446a0a871215fdfab808aac52a,dbbb401dcb7fd1d3773250d161a9ec6e4ac463446a0a871215fdfab808aac52a,
scroll_003.ogg,scroll,29488,1.0000226757369615,1.0000226757369615,1,44100,-0.9264079513061911,-21.885271962170812,2.2675736961451248e-05,1.0000226757369615,0,True,False,c2fecaa6e37c73d7141d0bd303d1c2231428d97c19ce83d50236a56804818643,07924ea9acd1b708d01909c3674ffedbf307a924169892825f396d6294d371e1,07924ea9acd1b708d01909c3674ffedbf307a924169892825f396d6294d371e1,
scroll_004.ogg,scroll,20348,1.0000226757369615,1.0000226757369615,1,44100,-0.8984368922153769,-20.109938976011055,0.0,0.9625170068027211,0,True,False,431398a3c12ba3aa30ead97f3e2f9b05eb00978facf04b31bda138ab77a2f54c,a80a0db5a2179b5c6c3dcf447e4fccff622cf0eedf64aab0496f4dfce811e6b2,a80a0db5a2179b5c6c3dcf447e4fccff622cf0eedf64aab0496f4dfce811e6b2,
scroll_005.ogg,scroll,20448,1.0000226757369615,1.0000226757369615,1,44100,-0.9152087163722664,-18.02990710551556,0.0,0.96,0,True,False,e39d059462225efa31f758fb2e01871cc96781972b5062873a24a55c88174e02,e26c298ecdafd133461e2ba6e413cab194c89cf2a98e788e7abce06f2e5567e3,e26c298ecdafd133461e2ba6e413cab194c89cf2a98e788e7abce06f2e5567e3,
select_001.ogg,select,5468,0.04328798185941043,0.04038548752834467,2,44100,-1.1256740233713032,-17.327290863440265,0.0,0.040272108843537414,0,True,False,aec0c31ea934a35936ae0d2ab8fac8123c93aa5647f935853a58dbaf90278b7a,0e49dc608295d5bef96696606665c3288243f36be76222dba8210846060b51bb,3ee82c25035d2657ef2d443f4c24b22d51190d778ed31d87f04f2ce6124f82c2,
select_002.ogg,select,5463,0.04328798185941043,0.04038548752834467,2,44100,-0.9680896594392313,-15.877654948660123,0.0,0.04038548752834467,0,True,False,4cc6ac5341b9b2c86fef80c347de028e9ab9f2e037586ac7d9fa59a403a1c012,d1602a6c83e44ffea3dfad4112a4aa59b18fdc2445f0cc5b95eeca6b526e7217,9e241bd11053eac399656819a54583934599629581e51cfd2d7e1d2927fd80c5,
select_003.ogg,select,6901,0.38276643990929704,0.3798639455782313,1,44100,-0.8179721288516857,-18.766409091452307,0.011859410430839002,0.23503401360544218,0,True,False,9a612fd2f513d52a296906b41071c990f75defe56be3bee60d2d4e2423b51b8b,e3009975e4afa92a11ed84f23bf8e67f6dee1d7a97059276aa0f2357c6b0d7fc,e3009975e4afa92a11ed84f23bf8e67f6dee1d7a97059276aa0f2357c6b0d7fc,
select_004.ogg,select,6909,0.38276643990929704,0.3798639455782313,1,44100,-0.7327645201580529,-19.197147541009034,0.012018140589569161,0.23510204081632652,0,True,False,eb6cb435f3f2ab14f85f46a2bdd9073ec511d0f1f8d8c890c6636045703a5fd4,25eb8d18cea3513a1349acd3a6952ecb9f3cfb16f0c50fa4f35c6d65298b5d6c,25eb8d18cea3513a1349acd3a6952ecb9f3cfb16f0c50fa4f35c6d65298b5d6c,
select_005.ogg,select,6767,0.38276643990929704,0.3798639455782313,1,44100,-1.3185050926937816,-18.684695347314744,0.012312925170068028,0.23682539682539683,0,True,False,ad09146e4ea33b931b2f5dfb4051a4f1fe4a36f1a48c42c5e9269c292ae21214,3219a85f9a4eb09d6d65c05033accea77def3d19ea290d04063bf6d8f3e09f0d,3219a85f9a4eb09d6d65c05033accea77def3d19ea290d04063bf6d8f3e09f0d,
select_006.ogg,select,8101,1.943922902494331,1.9410204081632654,1,44100,-0.7662840799718946,-22.47153700559117,0.0309297052154195,0.25294784580498864,0,True,False,b44550fa8d3276c072ce7c3c1315d949f7a28a95bc22b3618ad4eea62eac8abe,b28b583dcd460de49a7ea5aec34cf6f0c8ac7a620c1c78c0806131fda7840503,b28b583dcd460de49a7ea5aec34cf6f0c8ac7a620c1c78c0806131fda7840503,
select_007.ogg,select,6580,0.04693877551020408,0.05950113378684807,1,44100,-0.9577244580751074,-14.65976368361522,0.0,0.0500453514739229,0,True,False,cd4390dd2b24f09016a5fa1be63334fa0f1859811f4cf29c02e8e2750f6a2cd0,049af5ddca2066afadd0dc122e4aa9acbc7ea0bee4e2b6b0d2a105ff7c3c3a0a,049af5ddca2066afadd0dc122e4aa9acbc7ea0bee4e2b6b0d2a105ff7c3c3a0a,
select_008.ogg,select,6339,0.04693877551020408,0.05950113378684807,1,44100,-0.9962862881277874,-20.173934125500672,0.0,0.04630385487528345,0,True,False,f703b6b1c62dae1c246a46d5c2442802588f68be2df4d17e0d65cf7e0dbfc826,902706b1846308c7d6881aa71b281aa95439af00357357774171a750402842a6,902706b1846308c7d6881aa71b281aa95439af00357357774171a750402842a6,
switch_001.ogg,switch,6753,0.6176643990929706,0.6147619047619047,2,44100,-0.9515112692757512,-27.324606585485274,0.0,0.1383219954648526,0,True,False,3b74efad87f1e69dbd1d05c5ad952ab90859b5a3d11da6ec5bd79b4f03b42afa,c5a05ba94a8bfd044eeba1ba6b9be1c0f419c06541188e07870b705634d7a926,591b7c63b8cb0f294c42c830f165b9a5547352dd4b0a3f57e4b464046fae7564,
switch_002.ogg,switch,7097,0.6109523809523809,0.6080498866213152,2,44100,-0.9470759967730892,-25.038724285274814,4.5351473922902495e-05,0.14321995464852608,0,True,False,6fc395be2ad1f99ce318a5d28f98fb76dbeb676d83a0b28239d8c1fb90736180,b71bd54209f9c0bc50607a286bbc44acdf834889c16b5e158cd5ecf5b38b3f4c,3ff65f8640a6d1307d7cb7c4e96c9d5ee8e0605f9b965631443519d159c280a0,
switch_003.ogg,switch,9653,0.5,0.5,2,44100,-0.9099088513439308,-15.295224929134552,0.0,0.5,0,True,False,ca12dd32103f401481d5aff56d5e9831174e99bb577139c09b07d046eb8b837e,c401a491d179378c8b01cff2a63b2b8e671c9826857eda53de076c1f2e568cc3,135473a5ee5c4e0c6ced823c6fdfc4f859600cafece263f819ff8881504635ab,
switch_004.ogg,switch,7248,0.5,0.49709750566893424,2,44100,-0.9580204350958392,-23.856253136248085,0.0,0.15628117913832199,0,True,False,541c19cc1ab712a9efc5765df602e7d0da09d9cafdd297ce1e19b092289fd62f,a54d49d0882876f442e64fed5d8fbef83c702a9258820f6dcac8641ddd0c48f7,9a54a717ba367c8b634358fec85eb322ddbcc8abd397780be5e11e36628a2fac,
switch_005.ogg,switch,7814,0.6119274376417233,0.6090249433106576,2,44100,-0.9066716361742795,-22.61007082713917,2.2675736961451248e-05,0.1551700680272109,0,True,False,e94dfab6fd6558068ab3ea97e22e4b4f16b83ee440e6abf33ec4c4e9fbe8a70e,20dc80ba570ed587a694c31b2f95ccd4e400f69e316e6dbf8a8cecdebc639ce2,1308eb4e2a95f3c729dd2a7665dc9f747059d053f0fb4f1a143098a472db82fa,
switch_006.ogg,switch,7873,0.6105442176870748,0.6076417233560091,2,44100,-0.9196277421792854,-24.581977779406845,0.0,0.14222222222222222,0,True,False,2676ddc4e341ee557b4d1dc8767ef8655540d66fb3ded6a1614080dbc4dc6f18,18e1a49aed95fa7357b414d5b9ba728fadc33c7d70c98bbed21cf16b65b27d5c,70af712fa4840bcdf556a251bf69bab559252bf1d5f71d99bf783a55bf23b2c8,
switch_007.ogg,switch,7921,0.6143537414965986,0.6114512471655329,2,44100,-0.9538776743137001,-25.003011861998132,0.0,0.14596371882086168,0,True,False,eeaf60c2abc7e1b715e2b032401bcbf6b3753b77f96b238f861a034a75515967,8ad2394b519f4d4704d21421d8e42156c2f20567afc90cc917066a398d38330a,e61003c973442b5ad2a2c67e704ae30ac8e130eda2368eb689d4e7e392b1b789,
tick_001.ogg,tick,4497,0.023219954648526078,0.04498866213151927,1,44100,-0.8048758460699976,-21.479571722264975,0.0,0.013696145124716553,0,True,False,9d057b918024c787bbe6c00beed13a7ef72a3fa0c259add3cef36582792f4230,a3a240f8110ce32143111f4182ac68999b8d6f05b0a9e9299221f678942b82fc,a3a240f8110ce32143111f4182ac68999b8d6f05b0a9e9299221f678942b82fc,
tick_002.ogg,tick,4514,0.023219954648526078,0.020317460317460317,1,44100,-1.2084450520587433,-16.643945108609902,0.0,0.020317460317460317,0,True,False,869442f54214be902ec7437f79e400dc91c1bfd90d18a6dd2d5b7e41ffbf457b,7f513b9d7c5b06e1cc72ed75dee45dc4420c37c361273e71a099406e09b6c9be,7f513b9d7c5b06e1cc72ed75dee45dc4420c37c361273e71a099406e09b6c9be,
tick_004.ogg,tick,5031,0.05480725623582766,0.05514739229024943,1,44100,-0.8550396084189977,-15.852238279729757,0.0,0.05514739229024943,0,True,False,0253d5f7d8d2afbbc370eac2a4539bb844239f0c98343e516d376b137c06d27c,45f8b8eaa40293340863a2b9846fe4038c7dabec2486049abe7ca3385505ba8a,45f8b8eaa40293340863a2b9846fe4038c7dabec2486049abe7ca3385505ba8a,
toggle_001.ogg,toggle,7369,0.13931972789115646,0.1364172335600907,1,44100,-0.9087315425910776,-14.017645686619177,4.5351473922902495e-05,0.10251700680272109,0,True,False,ca1d2dde5f0b286abac4f070e23edab8f30927c8a533665cdf2ac6492a415e49,20346f305914b1aa022656a228a71fb39d8ec876d6b2409feb9d55e19b794bef,20346f305914b1aa022656a228a71fb39d8ec876d6b2409feb9d55e19b794bef,
toggle_002.ogg,toggle,8056,0.13931972789115646,0.1364172335600907,1,44100,-0.9491455087713903,-12.092431407248128,0.0,0.10183673469387755,0,True,False,1f564f5520cfa0764028ce245ad97599d3ece8f0ab504554c403af92ac72b900,a27967eccbf2720316f6bef5b59c6071a29bdbca16202f3fec3231a06b89644c,a27967eccbf2720316f6bef5b59c6071a29bdbca16202f3fec3231a06b89644c,
toggle_003.ogg,toggle,8654,0.13931972789115646,0.13931972789115646,1,44100,-0.9370310892694225,-14.32475567481681,0.0,0.10276643990929706,0,True,False,7e69aba356d590826cce291bbd9dc6a85d7c53858b0e3712fcad30e1ad080b23,9d4d87984dd62a1e1d1d2130488977bbb93c379aefe1a14ab49fda362539fcc2,9d4d87984dd62a1e1d1d2130488977bbb93c379aefe1a14ab49fda362539fcc2,
toggle_004.ogg,toggle,6695,0.06616780045351474,0.06326530612244897,1,44100,-0.9411658208991132,-16.26438992900648,0.0,0.05997732426303855,0,True,False,d7bf2236fc95a0fe1e3b278259392bcb062644e2d4ec5f9c96f7c09a9928262f,8d54b41e3f34d0335134c70b2f2006816211eee64b24e5fc5bcd77914b6ba8df,8d54b41e3f34d0335134c70b2f2006816211eee64b24e5fc5bcd77914b6ba8df,
